candidate_id,iso,stratum,lat,lng,pred,p_farm,p_poultry,p_pigs,true,split
IDN_cluster_2662,IDN,poultry_top,-6.199705449361749,107.2629266971242,Poultry,1.0,1.0,0.0,,predict
IDN_cluster_5500,IDN,poultry_top,-5.636298132896585,105.54902656909296,Poultry,1.0,1.0,0.0,,predict
IDN_cluster_9719,IDN,poultry_top,-7.565652961626927,109.1585245944193,Poultry,1.0,1.0,0.0,,predict
IDN_cluster_10062,IDN,poultry_top,-6.82018900015791,110.60772791163966,Poultry,1.0,1.0,0.0,,predict
IDN_cluster_5345,IDN,poultry_top,-5.255912921934774,105.24762690588535,Poultry,1.0,1.0,0.0,,predict
IDN_cluster_6918,IDN,poultry_top,-6.749692595744509,111.57784837526144,Poultry,1.0,1.0,0.0,,predict
IDN_cluster_7309,IDN,poultry_top,-7.946660599665099,113.32783807310074,Poultry,1.0,1.0,0.0,,predict
IDN_cluster_6299,IDN,poultry_top,-6.497233713527159,108.0542832880249,Poultry,1.0,1.0,0.0,,predict
IDN_cluster_3778,IDN,poultry_top,-6.593741302765844,107.86865064854528,Poultry,1.0,1.0,0.0,,predict
IDN_cluster_6191,IDN,poultry_top,-6.49711102047875,108.0218941715846,Poultry,1.0,1.0,0.0,,predict
IDN_cluster_7326,IDN,pigs_top,-7.736489402190643,113.45104152447148,Pigs,0.998,0.008,0.99,,predict
IDN_cluster_6163,IDN,pigs_top,-6.994776866270367,108.08163448621548,Pigs,0.988,0.023,0.963,,predict
IDN_cluster_9929,IDN,pigs_top,-6.813782727292848,110.95434700338424,Pigs,0.988,0.023,0.963,,predict
IDN_cluster_3137,IDN,pigs_top,-6.05055373107545,107.32712596153009,Pigs,0.989,0.031,0.952,,predict
IDN_cluster_2189,IDN,pigs_top,1.0961623831388072,104.3068271507908,Pigs,0.975,0.037,0.929,,predict
IDN_cluster_8223,IDN,pigs_top,-6.8788686865234565,109.34857576770366,Pigs,0.994,0.057,0.925,,predict
IDN_cluster_2680,IDN,pigs_top,-6.190168077362936,107.1609178644014,Pigs,0.944,0.029,0.905,,predict
IDN_cluster_5166,IDN,pigs_top,-4.8146043887771,105.34816342832931,Pigs,0.996,0.09,0.905,,predict
IDN_cluster_9892,IDN,pigs_top,-6.866717176913416,110.88247178150904,Pigs,0.986,0.114,0.868,,predict
IDN_cluster_3410,IDN,pigs_top,-6.225324496200164,106.16854819867731,Pigs,0.934,0.057,0.859,,predict
IDN_cluster_9727,IDN,borderline,-7.5955326427555825,109.08550498343386,NotFarm,0.493,0.478,0.015,,predict
IDN_cluster_499,IDN,borderline,3.469177813053261,98.60870717197618,Poultry,0.575,0.568,0.006,,predict
IDN_cluster_12382,IDN,borderline,-3.483994300332452,120.88783190066572,NotFarm,0.403,0.372,0.026,,predict
IDN_cluster_6290,IDN,borderline,-6.693561149455697,108.1079749639455,NotFarm,0.508,0.307,0.185,,predict
IDN_cluster_3896,IDN,borderline,-6.457675508460848,107.72338217418292,NotFarm,0.507,0.303,0.191,,predict
IDN_cluster_12045,IDN,borderline,-8.562751850354093,116.24132726414324,NotFarm,0.5,0.491,0.008,,predict
IDN_cluster_3341,IDN,borderline,-6.284814151376219,106.27499931326383,Poultry,0.586,0.488,0.084,,predict
IDN_cluster_494,IDN,borderline,3.27518868138696,98.55175956238234,Poultry,0.572,0.569,0.003,,predict
IDN_cluster_7827,IDN,borderline,-7.849507533551883,112.18747218649966,NotFarm,0.435,0.428,0.006,,predict
IDN_cluster_7732,IDN,borderline,-7.700693074304123,112.14802397077304,Poultry,0.555,0.53,0.024,,predict
IDN_cluster_4106,IDN,notfarm_top,-2.1205754050332977,105.89590967700369,NotFarm,0.0,0.0,0.0,,predict
IDN_cluster_10851,IDN,notfarm_top,-3.145209205198054,116.02230310867144,NotFarm,0.0,0.0,0.0,,predict
IDN_cluster_926,IDN,notfarm_top,3.3202500830521497,99.09110034540838,NotFarm,0.0,0.0,0.0,,predict
IDN_cluster_11226,IDN,notfarm_top,-3.442512417595464,114.69497887877336,NotFarm,0.0,0.0,0.0,,predict
IDN_cluster_2508,IDN,notfarm_top,-6.9348571890401685,107.047516226102,NotFarm,0.0,0.0,0.0,,predict
IDN_cluster_10651,IDN,notfarm_top,-0.9439402999137364,116.99556692259144,NotFarm,0.0,0.0,0.0,,predict
IDN_cluster_1988,IDN,notfarm_top,-0.2564876002517637,100.18504449396356,NotFarm,0.0,0.0,0.0,,predict
IDN_cluster_2586,IDN,notfarm_top,-6.732302999126395,107.32953385169176,NotFarm,0.0,0.0,0.0,,predict
IDN_cluster_7103,IDN,disagreement,-7.618189379888195,111.44937296170744,Poultry,0.569,0.534,0.031,NotFarm,train
IDN_cluster_5125,IDN,disagreement,-4.787698379786027,105.21563884739224,Pigs,0.833,0.304,0.385,Cattle,train
IDN_cluster_7035,IDN,agreement,-7.196460232607555,111.54525247999442,NotFarm,0.236,0.199,0.029,NotFarm,qual_eval
IDN_cluster_11740,IDN,agreement,-4.667133249028015,119.6295261384116,Poultry,0.999,0.99,0.008,Poultry,train
IDN_cluster_2204,IDN,agreement,1.1333626081225705,104.10922015274971,NotFarm,0.001,0.001,0.0,NotFarm,qual_eval
IDN_cluster_7218,IDN,agreement,-7.514089483616186,111.20468521044428,NotFarm,0.076,0.069,0.005,NotFarm,qual_eval
IDN_cluster_3571,IDN,agreement,-7.079159373060784,107.64306347843178,Poultry,0.997,0.996,0.001,Poultry,train
PHL_cluster_4123,PHL,poultry_top,13.712931939169607,123.27692461434056,Poultry,1.0,1.0,0.0,,predict
PHL_cluster_1053,PHL,poultry_top,8.111027058917589,123.50677085907662,Poultry,1.0,1.0,0.0,,predict
PHL_cluster_3383,PHL,poultry_top,15.373788704557134,121.02121805967435,Poultry,1.0,1.0,0.0,,predict
PHL_cluster_2751,PHL,poultry_top,15.56173488096382,120.83982701680516,Poultry,1.0,1.0,0.0,,predict
PHL_cluster_5147,PHL,poultry_top,17.44934485751737,121.68418210657713,Poultry,1.0,1.0,0.0,,predict
PHL_cluster_5210,PHL,poultry_top,16.868820238711024,121.51185073808178,Poultry,1.0,1.0,0.0,,predict
PHL_cluster_2449,PHL,poultry_top,15.757814004923564,121.05503754463622,Poultry,1.0,1.0,0.0,,predict
PHL_cluster_3569,PHL,poultry_top,14.900056692403252,120.97654600997087,Poultry,1.0,1.0,0.0,,predict
PHL_cluster_3414,PHL,poultry_top,15.460990104463953,121.05250729539998,Poultry,1.0,1.0,0.0,,predict
PHL_cluster_4299,PHL,poultry_top,14.421734933747558,121.41194469149242,Poultry,1.0,1.0,0.0,,predict
PHL_cluster_3895,PHL,pigs_top,15.71460814659441,120.3012168088468,Pigs,0.998,0.019,0.979,,predict
PHL_cluster_900,PHL,pigs_top,9.9305574081216,123.60084533663938,Pigs,0.998,0.024,0.974,,predict
PHL_cluster_2789,PHL,pigs_top,15.305333375487132,120.54055347640616,Pigs,0.998,0.024,0.974,,predict
PHL_cluster_5090,PHL,pigs_top,13.987771825059609,120.83207024999118,Pigs,0.989,0.016,0.973,,predict
PHL_cluster_757,PHL,pigs_top,10.23579626636089,123.5831272249952,Pigs,0.989,0.016,0.973,,predict
PHL_cluster_2904,PHL,pigs_top,15.399843489432138,120.61975042587764,Pigs,0.994,0.067,0.926,,predict
PHL_cluster_4401,PHL,pigs_top,14.10369933071864,121.58170083688938,Pigs,0.982,0.078,0.904,,predict
PHL_cluster_3050,PHL,pigs_top,15.506154915426254,120.61833818849108,Pigs,0.982,0.078,0.904,,predict
PHL_cluster_285,PHL,pigs_top,8.356298914287484,124.66434486450544,Pigs,0.99,0.114,0.874,,predict
PHL_cluster_5415,PHL,pigs_top,16.999535285194455,121.76930234219591,Pigs,0.99,0.114,0.874,,predict
PHL_cluster_4634,PHL,borderline,13.365688902196808,121.18574517312584,NotFarm,0.42,0.37,0.046,,predict
PHL_cluster_3025,PHL,borderline,15.514150617244516,120.58740270612266,Poultry,0.543,0.488,0.052,,predict
PHL_cluster_4377,PHL,borderline,14.09250802723322,121.60679035401758,Poultry,0.578,0.558,0.017,,predict
PHL_cluster_3965,PHL,borderline,16.09400640350487,120.44008912695531,Poultry,0.585,0.508,0.046,,predict
PHL_cluster_91,PHL,borderline,8.703262585171466,124.82165794821314,Poultry,0.559,0.558,0.001,,predict
PHL_cluster_2793,PHL,borderline,15.48463082628057,120.55243899426972,Poultry,0.58,0.565,0.014,,predict
PHL_cluster_682,PHL,borderline,8.16068504980436,125.11109737970996,Poultry,0.524,0.482,0.039,,predict
PHL_cluster_3654,PHL,borderline,14.74398138005311,120.4777880828952,NotFarm,0.474,0.457,0.015,,predict
PHL_cluster_1695,PHL,borderline,6.165083717815522,125.0937578528255,NotFarm,0.43,0.401,0.021,,predict
PHL_cluster_5294,PHL,borderline,16.620086414693194,121.51614954055688,NotFarm,0.472,0.455,0.016,,predict
PHL_cluster_494,PHL,notfarm_top,8.043759741445282,124.93798392495351,NotFarm,0.0,0.0,0.0,,predict
PHL_cluster_500,PHL,notfarm_top,8.045047433715293,125.07265888119258,NotFarm,0.0,0.0,0.0,,predict
PHL_cluster_1840,PHL,notfarm_top,6.442824573212913,124.8999831096551,NotFarm,0.0,0.0,0.0,,predict
PHL_cluster_2855,PHL,notfarm_top,15.243435714486598,120.715656291662,NotFarm,0.0,0.0,0.0,,predict
PHL_cluster_4054,PHL,notfarm_top,13.980081711055576,121.6611678602534,NotFarm,0.0,0.0,0.0,,predict
PHL_cluster_4067,PHL,notfarm_top,13.990946105057663,121.65156016997064,NotFarm,0.0,0.0,0.0,,predict
PHL_cluster_509,PHL,notfarm_top,8.046923225520155,125.0731760571367,NotFarm,0.0,0.0,0.0,,predict
PHL_cluster_4513,PHL,notfarm_top,13.96746238279436,121.4470781716476,NotFarm,0.0,0.0,0.0,,predict
PHL_cluster_4056,PHL,disagreement,13.95652482115498,121.81700099930264,NotFarm,0.007,0.007,0.0,Poultry,train
PHL_cluster_1022,PHL,disagreement,8.058282157291675,123.72200394230056,Poultry,0.79,0.769,0.018,NotFarm,qual_eval
PHL_cluster_1124,PHL,disagreement,6.241221018517185,125.2509428885592,NotFarm,0.265,0.244,0.019,Poultry,val
PHL_cluster_3929,PHL,disagreement,16.3340787240649,120.44807997241996,NotFarm,0.281,0.279,0.002,Poultry,train
PHL_cluster_938,PHL,disagreement,10.159458245102366,124.85828792901542,Poultry,0.719,0.7,0.016,NotFarm,qual_eval
PHL_cluster_3733,PHL,disagreement,14.15150087516924,120.9016783854516,NotFarm,0.344,0.241,0.1,Poultry,train
PHL_cluster_2030,PHL,disagreement,10.963908568106705,124.65980273598626,NotFarm,0.389,0.386,0.003,Poultry,train
PHL_cluster_4532,PHL,disagreement,14.08285495760754,121.20262402810891,Poultry,0.647,0.532,0.066,NotFarm,qual_eval
PHL_cluster_1619,PHL,disagreement,6.158325867441024,125.07531169112022,NotFarm,0.483,0.478,0.005,Poultry,train
PHL_cluster_2085,PHL,disagreement,10.935392840514565,124.43265794851438,Poultry,0.554,0.505,0.042,NotFarm,qual_eval
PHL_cluster_3407,PHL,agreement,15.31602836754294,121.0724542223358,Poultry,0.996,0.996,0.0,Poultry,train
PHL_cluster_4676,PHL,agreement,13.831661838638192,120.9225687105501,Poultry,0.994,0.99,0.003,Poultry,train
PHL_cluster_5266,PHL,agreement,16.524050177753146,121.1939997649416,NotFarm,0.427,0.422,0.004,NotFarm,qual_eval
PHL_cluster_3820,PHL,agreement,14.173565557432624,120.84239110283391,Poultry,0.867,0.858,0.009,Poultry,train
PHL_cluster_3604,PHL,agreement,14.83209950209892,120.44646255659224,NotFarm,0.004,0.003,0.0,NotFarm,train
VNM_cluster_4801,VNM,poultry_top,11.088828326317396,106.49547839418156,Poultry,1.0,1.0,0.0,,predict
VNM_cluster_6827,VNM,poultry_top,10.606557792261198,107.420778489043,Poultry,1.0,1.0,0.0,,predict
VNM_cluster_4021,VNM,poultry_top,11.59735026276383,106.81703645010424,Poultry,1.0,0.999,0.0,,predict
VNM_cluster_6083,VNM,poultry_top,10.935622479965971,107.33641504661908,Poultry,1.0,0.999,0.001,,predict
VNM_cluster_499,VNM,poultry_top,20.44629056064642,105.60731918804784,Poultry,1.0,0.999,0.0,,predict
VNM_cluster_33,VNM,poultry_top,19.921612362639365,105.50031368236024,Poultry,1.0,0.999,0.001,,predict
VNM_cluster_5953,VNM,poultry_top,10.820160782943384,107.5386480134234,Poultry,1.0,0.999,0.0,,predict
VNM_cluster_6081,VNM,poultry_top,10.933903052219614,107.33640338200998,Poultry,1.0,0.999,0.001,,predict
VNM_cluster_4311,VNM,poultry_top,11.19767960022384,107.40319020450512,Poultry,1.0,0.999,0.0,,predict
VNM_cluster_5948,VNM,poultry_top,10.820008007658346,107.5404800213252,Poultry,1.0,0.999,0.0,,predict
VNM_cluster_6831,VNM,pigs_top,10.82354756725185,107.37326041252396,Pigs,0.999,0.004,0.995,,predict
VNM_cluster_5949,VNM,pigs_top,10.822823540877332,107.5275241187864,Pigs,0.998,0.009,0.988,,predict
VNM_cluster_5947,VNM,pigs_top,10.641395163879016,107.60647085771672,Pigs,0.999,0.012,0.987,,predict
VNM_cluster_5843,VNM,pigs_top,11.892318393652832,106.51385861094496,Pigs,0.999,0.016,0.982,,predict
VNM_cluster_4706,VNM,pigs_top,11.18231877445843,106.07389178691214,Pigs,1.0,0.018,0.982,,predict
VNM_cluster_5835,VNM,pigs_top,11.877628550589687,106.5012783417274,Pigs,0.999,0.019,0.979,,predict
VNM_cluster_4369,VNM,pigs_top,11.294209276279137,106.91753697852376,Pigs,0.998,0.018,0.976,,predict
VNM_cluster_4332,VNM,pigs_top,11.3322169989212,107.13739591816714,Pigs,0.995,0.02,0.974,,predict
VNM_cluster_720,VNM,pigs_top,20.519867706101035,106.12906069872535,Pigs,0.982,0.014,0.967,,predict
VNM_cluster_6825,VNM,pigs_top,10.800955373015167,107.38716826229177,Pigs,0.999,0.032,0.967,,predict
VNM_cluster_4390,VNM,borderline,11.477359045602398,106.92940292600596,NotFarm,0.418,0.407,0.009,,predict
VNM_cluster_4450,VNM,borderline,11.292902011648447,106.87040143626196,Poultry,0.526,0.507,0.018,,predict
VNM_cluster_1279,VNM,borderline,21.35554206179449,105.65476768218784,NotFarm,0.44,0.376,0.062,,predict
VNM_cluster_4899,VNM,borderline,11.466437085243005,106.46291214060496,Poultry,0.567,0.547,0.019,,predict
VNM_cluster_2968,VNM,borderline,10.628103786012916,106.19594471099307,Poultry,0.585,0.563,0.019,,predict
VNM_cluster_5240,VNM,borderline,11.2774047998919,106.63861218493992,NotFarm,0.414,0.405,0.007,,predict
VNM_cluster_5774,VNM,borderline,12.668704373147628,107.77827169134908,Pigs,0.592,0.133,0.409,,predict
VNM_cluster_1914,VNM,borderline,21.087563411184004,105.2707731782329,NotFarm,0.44,0.348,0.088,,predict
VNM_cluster_4173,VNM,borderline,10.976947577062388,107.44779152678554,NotFarm,0.472,0.468,0.004,,predict
VNM_cluster_7225,VNM,borderline,12.78311255785873,108.18483963645753,Poultry,0.53,0.479,0.05,,predict
VNM_cluster_1084,VNM,notfarm_top,18.624572328123648,105.812669188622,NotFarm,0.0,0.0,0.0,,predict
VNM_cluster_4597,VNM,notfarm_top,10.7319292128292,106.3594745070821,NotFarm,0.0,0.0,0.0,,predict
VNM_cluster_3680,VNM,notfarm_top,9.684030893111514,105.7804404104419,NotFarm,0.0,0.0,0.0,,predict
VNM_cluster_6169,VNM,notfarm_top,10.894774358795654,107.038754942375,NotFarm,0.0,0.0,0.0,,predict
VNM_cluster_291,VNM,notfarm_top,20.95050520912023,107.05341586431108,NotFarm,0.0,0.0,0.0,,predict
VNM_cluster_4664,VNM,notfarm_top,10.75755519104208,106.33975660658906,NotFarm,0.0,0.0,0.0,,predict
VNM_cluster_2171,VNM,notfarm_top,16.705199070178374,107.42023201016808,NotFarm,0.0,0.0,0.0,,predict
VNM_cluster_2409,VNM,notfarm_top,10.33093290110307,103.85322111967872,NotFarm,0.0,0.0,0.0,,predict
VNM_cluster_2386,VNM,disagreement,10.742846525788462,105.22284267374096,Poultry,0.997,0.991,0.005,NotFarm,qual_eval
VNM_cluster_8176,VNM,disagreement,14.055753996437891,109.05071587766464,Poultry,0.964,0.963,0.001,NotFarm,qual_eval
VNM_cluster_4043,VNM,disagreement,11.570118218773118,107.5268002845188,Poultry,0.933,0.924,0.008,NotFarm,val
VNM_cluster_1035,VNM,disagreement,20.05363686668938,105.54998219344208,Poultry,0.94,0.884,0.053,NotFarm,qual_eval
VNM_cluster_5163,VNM,disagreement,11.78308627225322,106.61355576355028,Poultry,0.73,0.627,0.094,NotFarm,train
VNM_cluster_8430,VNM,disagreement,13.222728760087351,108.00838200297714,Poultry,0.544,0.523,0.02,NotFarm,val
VNM_cluster_7922,VNM,disagreement,11.342594678836145,108.7418532163086,Poultry,0.836,0.462,0.358,NotFarm,qual_eval
VNM_cluster_4334,VNM,agreement,11.48121901686831,106.9398499859068,NotFarm,0.062,0.03,0.028,NotFarm,train
VNM_cluster_4060,VNM,agreement,11.902595477821816,107.0055146730916,NotFarm,0.073,0.037,0.026,NotFarm,qual_eval
VNM_cluster_5133,VNM,agreement,11.705651924687386,106.1158840091866,NotFarm,0.012,0.008,0.003,NotFarm,train
VNM_cluster_6977,VNM,agreement,13.972224180907638,107.88101432575016,NotFarm,0.407,0.31,0.052,NotFarm,train
VNM_cluster_1019,VNM,agreement,20.36339255617288,105.681459995256,NotFarm,0.029,0.022,0.007,NotFarm,qual_eval
